"Rank","Name","Symbol","marketcap","price (USD)","country"
"1","LVMH","MC.PA","237548580351","481.877","France"
"2","Inditex","ITX.MC","193164374741","62.0108","Spain"
"3","Hermès","RMS.PA","170962418462","1632.23","France"
"4","TJX Companies","TJX","138585718784","125.99","United States"
"5","Fast Retailing","9983.T","132447110861","431.633","Japan"
"6","Cintas","CTAS","80362053632","200.82","United States"
"7","Dior","CDI.PA","79246347929","439.256","France"
"8","Ross Stores","ROST","73792479232","230.04","United States"
"9","Nike","NKE","54963625984","37.05","United States"
"10","Kering","KER.PA","33687139507","274.732","France"
"11","Adidas","ADS.DE","29079472772","166.109","Germany"
"12","H&amp;M","HM-B.ST","27075420156","16.9606","Sweden"
"13","Tapestry","TPR","23510274048","117.91","United States"
"14","Next plc","NXT.L","22562827160","197.656","United Kingdom"
"15","Ralph Lauren","RL","20343162880","341.43","United States"
"16","Burlington Stores","BURL","14588200960","232.24","United States"
"17","Moncler","MONC.MI","13921303261","51.1832","Italy"
"18","Prada","1913.HK","12821361220","5.01065","Italy"
"19","lululemon athletica","LULU","11104216064","100.3","Canada"
"20","LPP SA","LPP.WA","10773113946","5796.02","Poland"
"21","Aritzia","ATZ.TO","10174337524","88.7965","Canada"
"22","Gildan","GIL","8785500160","47.44","Canada"
"23","Levi Strauss &amp; Co.","LEVI","7785526784","20.23","United States"
"24","Gap Inc.","GAP","7348571648","20.92","United States"
"25","Urban Outfitters","URBN","6596690944","77.01","United States"
"26","Bosideng","3998.HK","6439055410","0.552064","Hong Kong"
"27","Zalando","ZAL.DE","6368451488","26.0764","Germany"
"28","Brunello Cucinelli","BC.MI","5978160082","87.9141","Italy"
"29","Abercrombie &amp; Fitch","ANF","5967121920","140.62","United States"
"30","Victoria's Secret &amp; Co","VSXY","5945611776","74.54","United States"
"31","VF Corporation","VFC","5138268672","13.07","United States"
"32","Ermenegildo Zegna","ZGN","4929616896","11.63","Italy"
"33","JD Sports Fashion","JD.L","4904024872","1.03259","United Kingdom"
"34","UniFirst","UNF","4883992576","270.07","United States"
"35","Burberry","BRBY.L","4819687539","13.4549","United Kingdom"
"36","Boot Barn Holdings","BOOT","4325886976","142.84","United States"
"37","Pepkor","PPH.JO","4261545200","1.1557","South Africa"
"38","Page Industries","PAGEIND.NS","4140767071","371.24","India"
"39","PUMA","PUM.DE","3694260991","25.0954","Germany"
"40","Kontoor Brands","KTB","3684747008","67.42","United States"
"41","PVH Corp.","PVH","3368523264","73.01","United States"
"42","Columbia Sportswear","COLM","2952311296","57.67","United States"
"43","American Eagle Outfitters","AEO","2585656576","15.43","United States"
"44","FIGS","FIGS","2322640384","13.98","United States"
"45","Under Armour","UA","2109068544","4.91","United States"
"46","Buckle","BKE","2074405632","40.27","United States"
"47","Lojas Renner","LREN3.SA","2064847069","2.17843","Brazil"
"48","F&amp;F Co","383220.KS","1859144632","49.6016","South Korea"
"49","PAL GROUP Holdings","2726.T","1687390748","9.75052","Japan"
"50","Capri Holdings","CPRI","1625512832","14.16","United Kingdom"
"51","Arvind","ARVIND.NS","1611740385","6.1484","India"
"52","Delta Galil Industries","DELG.TA","1567907431","59.7481","Israel"
"53","OVS S.p.A.","OVS.MI","1525732984","6.29112","Italy"
"54","Misto Holdings (Fila)","081660.KS","1521704146","28.9034","South Korea"
"55","Savers Value Village","SVV","1510892672","9.86","United States"
"56","Vedant Fashions","MANYAVAR.NS","1471550369","6.05633","India"
"57","Fox-Wizel","FOX.TA","1465424430","105.389","Israel"
"58","Revolve Group","RVLV","1456540288","20.49","United States"
"59","Wacoal Holdings","3591.T","1282876895","25.9497","Japan"
"60","G-III Apparel Group","GIII","1193253248","27.83","United States"
"61","Carter's","CRI","1119691136","30.5","United States"
"62","LuxExperience","LUXE","1021226304","7.44","Germany"
"63","The Foschini Group","TFG.JO","978816500","3.10441","South Africa"
"64","Adastria","2685.T","950814027","20.6124","Japan"
"65","AOKI Holdings","8214.T","933353153","11.0816","Japan"
"66","Boozt","BOOZT.ST","875462751","15.0158","Sweden"
"67","Reformation Inc.","REF","857195776","14.51","United States"
"68","Delta Israel Brands","DLTI.TA","822990369","32.8828","Israel"
"69","World Co., Ltd.","3612.T","786818987","10.3256","Japan"
"70","Topsports International","6110.HK","782733012","0.126222","Hong Kong"
"71","Canada Goose","GOOS","763705984","7.82","Canada"
"72","Aoyama Trading","8219.T","703289538","4.95457","Japan"
"73","ASOS","ASC.L","665665517","5.5635","United Kingdom"
"74","Aditya Birla Fashion and Retail","ABFRL.NS","643388990","0.528765","India"
"75","Onward Holdings Co., Ltd.","8016.T","628740824","4.61357","Japan"
"76","Mavi Giyim Sanayi ve Ticaret","MAVI.IS","604597329","0.771559","Turkey"
"77","SMCP S.A.","SMCP.PA","599176054","7.67055","France"
"78","Gokaldas Exports","GOKEX.NS","593575287","8.10036","India"
"79","RVRC Holding","RVRC.ST","549761956","5.25604","Sweden"
"80","Boohoo Group","DEBS.L","524024775","0.333136","United Kingdom"
"81","PDS Multinational","PDSL.NS","513629523","3.63664","India"
"82","Nueva Expresión Textil","NXT.MC","509616833","1.18435","Spain"
"83","Citi Trends, Inc.","CTRN","502034720","60.2","United States"
"84","Interloop","ILP.PK","493664412","0.352187","Pakistan"
"85","Oxford Industries","OXM","461181056","30.79","United States"
"86","Lindex Group","LINDEX.HE","435748620","2.65497","Finland"
"87","Marimekko","MEKKO.HE","430776966","10.6199","Finland"
"88","Van de Velde","VAN.BR","429959512","34.63","Belgium"
"89","Stitch Fix","SFIX","412285888","3.09","United States"
"90","Universal Store Holdings","UNI.AX","387080672","5.04532","Australia"
"91","Thob Al Aseel Company","4012.SR","359995742","0.899989","Saudi Arabia"
"92","ThredUp","TDUP","355914176","2.71","United States"
"93","J.Jill","JILL","353292960","23.77","United States"
"94","Lux Industries","LUXIND.NS","348173172","11.5781","India"
"95","Fenix Outdoor","FOI-B.ST","340553717","30.8095","Switzerland"
"96","Kewal Kiran Clothing","KKCL.NS","319237959","5.18032","India"
"97","Lands' End","LE","310213632","10.5","United States"
"98","Giordano","0709.HK","278211651","0.172121","Hong Kong"
"99","Kitex Garments","KITEX.NS","258546750","1.29597","India"
"100","Siyaram Silk Mills","SIYSIL.NS","255417042","5.62964","India"
"101","Torrid Holding","CURV","222374336","2.23","United States"
"102","Zumiez","ZUMZ","220454224","14.38","United States"
"103","Cantabil Retail India","CANTABIL.NS","211619213","2.53018","India"
"104","Eagle Nice","2368.HK","205710053","0.358268","Hong Kong"
"105","Superior Group of Companies","SGC","198836656","12.47","United States"
"106","Duluth Holdings","DLTH","171022496","4.5","United States"
"107","Dollar Industries","DOLLAR.NS","161764187","2.85217","India"
"108","Texwinca Holdings","0321.HK","158546345","0.114748","Hong Kong"
"109","Tillys","TLYS","150489344","4.92","United States"
"110","Björn Borg","BORG.ST","145073387","5.75656","Sweden"
"111","GEOX","GEO.MI","123212173","0.336489","Italy"
"112","Monte Carlo Fashions","MONTECARLO.NS","121709758","5.8706","India"
"113","a.k.a. Brands","AKA","119692640","10.89","United States"
"114","CALIDA Holding","CALN.SW","118074739","16.8957","Switzerland"
"115","Global Fashion Group","GFG.DE","115762255","0.509062","Luxembourg"
"116","Rupa Company","RUPA.NS","113793015","1.43056","India"
"117","Answear.com","ANR.WA","104167446","5.49027","Poland"
"118","Lakeland Industries","LAKE","103087376","10.38","United States"
"119","Vince Holding","VNCE","99027328","7.65","United States"
"120","LUDWIG BECK am Rathauseck - Textilhaus Feldmeier","ECK.DE","81893110","22.1632","Germany"
"121","Grand Twins International Cambodia","GTI.KH","80652335","2.02","Cambodia"
"122","Rent the Runway","RENT","65484552","1.93","United States"
"123","LightInTheBox Holding","LITB","59179744","3","Singapore"
"124","The Children's Place","PLCE","54925560","2.47","United States"
"125","Cato Fashion","CATO","47191316","2.37","United States"
"126","Pattern S.p.A.","PTR.MI","46923736","3.13979","Italy"
"127","Wolford","WOL.VI","39863186","2.69705","Austria"
"128","Destination XL","DXLG","35767540","0.645","United States"
"129","Söktas Tekstil","SKTAS.IS","33107953","0.0662159","Turkey"
"130","Lulu's Fashion Lounge","LVLU","28371172","9.88","United States"
"131","Allbirds","BIRD","22103188","2.51","United States"
"132","Le Slip Français","ALLSF.PA","12526079","11.705","France"
"133","Perfect Moment","PMNT","6863126","0.129","United Kingdom"
"134","Kidpik","PIK","4644903","2.38","United States"
"135","KMD Brands","KMD.NZ","1965548","0.0414161","New Zealand"
